{
  "seed": 0,
  "algorithm": "iql",
  "env_name": "Switch4-v0",
  "train_episodes": 300,
  "eval_episodes": 100,
  "best_eval_return": -1.3000000000000025,
  "final_train_return": -6.500000000000007,
  "final_eval_return": -1.3000000000000025,
  "final_eval_success_rate": 0.0
}